date,bathroom_visit_count,bathroom_total_duration_sec,bathroom_max_duration_sec,wake_time_sec_of_day
2026-09-21,1,250,250,
2026-09-22,5,1515,447,63517.0
2026-09-23,4,1563,545,63829.0
2026-09-24,5,1689,419,75771.0
2026-09-25,3,889,336,77433.0
2026-09-26,5,1858,525,61514.0
2026-09-27,4,1121,325,75330.0
2026-09-28,5,1319,559,75583.0
2026-09-29,6,1885,522,71143.0
2026-09-30,2,921,467,62424.0
2026-10-01,5,1663,386,67517.0
2026-10-02,3,1007,504,77861.0
2026-10-03,3,1050,476,77432.0
2026-10-04,4,1508,545,76102.0
2026-10-05,7,2370,428,59793.0
2026-10-06,3,1237,563,69152.0
2026-10-07,4,1405,526,76931.0
2026-10-08,3,798,447,76338.0
2026-10-09,5,1735,464,61111.0
2026-10-10,4,1436,550,75618.0
2026-10-11,4,899,325,69943.0
2026-10-12,5,1132,410,76670.0
2026-10-13,6,1970,486,77672.0
2026-10-14,6,1946,401,
2026-10-15,3,749,402,63650.0
2026-10-16,3,1298,517,75711.0
2026-10-17,6,1852,515,75522.0
2026-10-18,6,1446,400,72094.0
2026-10-19,6,1885,472,77733.0
2026-10-20,4,1205,450,66865.0
2026-10-21,6,1718,405,75484.0
2026-10-22,3,1060,395,76133.0
2026-10-23,7,2221,480,73433.0
2026-10-24,4,1115,437,75613.0
2026-10-25,3,883,438,76338.0
2026-10-26,4,1310,467,77803.0
2026-10-27,5,1361,379,75866.0
2026-10-28,4,1159,382,76655.0
2026-10-29,2,836,559,76293.0
2026-10-30,5,1553,451,70138.0
2026-10-31,6,1449,379,65130.0
2026-11-01,5,1408,353,64306.0
2026-11-02,4,1510,558,65198.0
2026-11-03,4,1019,439,70532.0
2026-11-04,3,990,448,76305.0
2026-11-05,3,814,361,77481.0
2026-11-06,3,1039,472,76528.0
2026-11-07,2,819,459,76138.0
2026-11-08,6,1921,434,76492.0
2026-11-09,5,1574,467,73967.0
2026-11-10,7,1786,371,68054.0
2026-11-11,5,1224,372,76488.0
2026-11-12,2,680,445,77884.0
2026-11-13,3,1106,496,76820.0
2026-11-14,4,1108,350,77079.0
2026-11-15,5,1380,552,76284.0
2026-11-16,6,1465,383,69031.0
2026-11-17,4,1175,437,62805.0
2026-11-18,4,1526,575,74567.0
2026-11-19,3,933,406,77590.0
2026-11-20,4,1327,453,65563.0
