LivingRoom,1794442559,1794451652,9093
Kitchen,1794451655,1794453504,1849
LivingRoom,1794453511,1794457098,3587
LivingRoom,1794457103,1794463608,6505
LivingRoom,1794463616,1794472537,8921
Kitchen,1794472540,1794475226,2686
LivingRoom,1794475232,1794482818,7586
LivingRoom,1794482820,1794487066,4246
BedRoom,1794487070,1794515803,28733
Toilet-1,1794515803,1794516038,235
BedRoom,1794516042,1794519484,3442
Toilet-1,1794519484,1794519929,445
Kitchen,1794519933,1794521399,1466
LivingRoom,1794521401,1794528023,6622
